iter	Logloss
0	0.6883381167
1	0.6846297821
2	0.6793632836
3	0.6742997862
4	0.6683619489
5	0.6652868837
6	0.660587813
7	0.6572487737
8	0.651632268
9	0.6471073991
10	0.6435860118
11	0.6395957105
12	0.6366428444
13	0.6339215886
14	0.631244198
15	0.6283890262
16	0.6248653806
17	0.6225565052
18	0.6189226912
19	0.616183319
20	0.612060078
21	0.6105437864
22	0.6079146477
23	0.6051273902
24	0.6016091855
25	0.5986538452
26	0.5956816738
27	0.5938938985
28	0.591459575
29	0.5897227457
