iter	Logloss
0	0.6799611131
1	0.6632149056
2	0.6486340875
3	0.6336942176
4	0.6201489592
5	0.6092780649
6	0.5972478161
7	0.5863380432
8	0.5748463461
9	0.5641138782
10	0.5535049438
11	0.5433927562
12	0.5340430377
13	0.5252374623
14	0.5168855223
15	0.507987349
16	0.4998424478
17	0.4949423385
18	0.4887948755
19	0.4831527814
20	0.4762575332
21	0.4699919191
22	0.464572593
23	0.4591598511
24	0.4536514282
25	0.4489617021
26	0.443357128
27	0.4384941728
28	0.4346891429
29	0.4314797284
