iter	Logloss
0	0.684504329
1	0.6786057557
2	0.6719668996
3	0.6671925354
4	0.6624849716
5	0.6591182447
6	0.6535310414
7	0.6484714631
8	0.642795002
9	0.6385475701
10	0.6337269495
11	0.6275771953
12	0.6235400426
13	0.6195354496
14	0.615486387
15	0.6119841949
16	0.6101852025
17	0.6066468079
18	0.6027116631
19	0.5979407875
20	0.5935746413
21	0.591055479
22	0.5891414821
23	0.5857026997
24	0.582423078
25	0.5793346228
26	0.5754601829
27	0.5733217552
28	0.5698090997
29	0.566285494
